file,y,p,thr,fold
/kaggle/input/datasets/jarintasnim090/busi-corrected/BUSI_Corrected/benign/benign (2).png,0,0.002599542960524559,0.2509596645832062,1
/kaggle/input/datasets/jarintasnim090/busi-corrected/BUSI_Corrected/benign/benign (285).png,0,0.0034570174757391214,0.2509596645832062,1
/kaggle/input/datasets/jarintasnim090/busi-corrected/BUSI_Corrected/benign/benign (300).png,0,0.041616011410951614,0.2996118366718292,4
/kaggle/input/datasets/jarintasnim090/busi-corrected/BUSI_Corrected/benign/benign (390).png,0,0.005597319919615984,0.2509596645832062,1
/kaggle/input/datasets/jarintasnim090/busi-corrected/BUSI_Corrected/benign/benign (357).png,0,0.03568076714873314,0.5,2
/kaggle/input/datasets/jarintasnim090/busi-corrected/BUSI_Corrected/benign/benign (428).png,0,0.007528467103838921,0.2996118366718292,4
/kaggle/input/datasets/jarintasnim090/busi-corrected/BUSI_Corrected/benign/benign (98).png,0,0.0062043373472988605,0.5,3
/kaggle/input/datasets/jarintasnim090/busi-corrected/BUSI_Corrected/benign/benign (246).png,0,0.09381172806024551,0.37799400091171265,0
/kaggle/input/datasets/jarintasnim090/busi-corrected/BUSI_Corrected/benign/benign (217).png,0,0.013290966860949993,0.5,3
/kaggle/input/datasets/jarintasnim090/busi-corrected/BUSI_Corrected/benign/malignant (73).png,0,0.011831090785562992,0.2509596645832062,1
/kaggle/input/datasets/jarintasnim090/busi-corrected/BUSI_Corrected/benign/benign (276).png,0,0.07139258831739426,0.5,2
/kaggle/input/datasets/jarintasnim090/busi-corrected/BUSI_Corrected/benign/benign (103).png,0,0.004091602750122547,0.2509596645832062,1
/kaggle/input/datasets/jarintasnim090/busi-corrected/BUSI_Corrected/benign/benign (342).png,0,0.039556536823511124,0.2996118366718292,4
/kaggle/input/datasets/jarintasnim090/busi-corrected/BUSI_Corrected/benign/benign (181).png,0,0.019146643579006195,0.2996118366718292,4
/kaggle/input/datasets/jarintasnim090/busi-corrected/BUSI_Corrected/benign/benign (71).png,0,0.055978283286094666,0.37799400091171265,0
/kaggle/input/datasets/jarintasnim090/busi-corrected/BUSI_Corrected/benign/benign (50).png,0,0.008254526183009148,0.2996118366718292,4
/kaggle/input/datasets/jarintasnim090/busi-corrected/BUSI_Corrected/benign/benign (265).png,0,0.0726359561085701,0.2509596645832062,1
/kaggle/input/datasets/jarintasnim090/busi-corrected/BUSI_Corrected/benign/benign (6).png,0,0.01880502514541149,0.5,2
/kaggle/input/datasets/jarintasnim090/busi-corrected/BUSI_Corrected/benign/benign (160).png,0,0.0044034505262970924,0.2996118366718292,4
/kaggle/input/datasets/jarintasnim090/busi-corrected/BUSI_Corrected/benign/benign (147).png,0,0.02703205496072769,0.5,3
/kaggle/input/datasets/jarintasnim090/busi-corrected/BUSI_Corrected/benign/benign (308).png,0,0.010997859761118889,0.2509596645832062,1
/kaggle/input/datasets/jarintasnim090/busi-corrected/BUSI_Corrected/benign/benign (304).png,0,0.26937174797058105,0.37799400091171265,0
/kaggle/input/datasets/jarintasnim090/busi-corrected/BUSI_Corrected/benign/benign (404).png,0,0.7196913957595825,0.5,3
/kaggle/input/datasets/jarintasnim090/busi-corrected/BUSI_Corrected/benign/benign (284).png,0,0.0028338285628706217,0.2509596645832062,1
/kaggle/input/datasets/jarintasnim090/busi-corrected/BUSI_Corrected/benign/benign (381).png,0,0.2186877429485321,0.37799400091171265,0
/kaggle/input/datasets/jarintasnim090/busi-corrected/BUSI_Corrected/benign/benign (329).png,0,0.0021762456744909286,0.2509596645832062,1
/kaggle/input/datasets/jarintasnim090/busi-corrected/BUSI_Corrected/benign/benign (179).png,0,0.015952419489622116,0.2996118366718292,4
/kaggle/input/datasets/jarintasnim090/busi-corrected/BUSI_Corrected/benign/benign (47).png,0,0.07949820905923843,0.2509596645832062,1
/kaggle/input/datasets/jarintasnim090/busi-corrected/BUSI_Corrected/benign/benign (289).png,0,0.18857251107692719,0.5,2
/kaggle/input/datasets/jarintasnim090/busi-corrected/BUSI_Corrected/benign/benign (264).png,0,0.016617722809314728,0.5,2
/kaggle/input/datasets/jarintasnim090/busi-corrected/BUSI_Corrected/benign/benign (369).png,0,0.006653610151261091,0.2996118366718292,4
/kaggle/input/datasets/jarintasnim090/busi-corrected/BUSI_Corrected/benign/benign (224).png,0,0.02605067752301693,0.2996118366718292,4
/kaggle/input/datasets/jarintasnim090/busi-corrected/BUSI_Corrected/benign/benign (163).png,0,0.01930943876504898,0.37799400091171265,0
/kaggle/input/datasets/jarintasnim090/busi-corrected/BUSI_Corrected/benign/benign (26).png,0,0.006980143487453461,0.2509596645832062,1
/kaggle/input/datasets/jarintasnim090/busi-corrected/BUSI_Corrected/benign/benign (54).png,0,0.005494853015989065,0.5,2
/kaggle/input/datasets/jarintasnim090/busi-corrected/BUSI_Corrected/benign/benign (221).png,0,0.011639907956123352,0.5,3
/kaggle/input/datasets/jarintasnim090/busi-corrected/BUSI_Corrected/benign/benign (249).png,0,0.3310539722442627,0.5,3
/kaggle/input/datasets/jarintasnim090/busi-corrected/BUSI_Corrected/benign/benign (184).png,0,0.06964145600795746,0.37799400091171265,0
/kaggle/input/datasets/jarintasnim090/busi-corrected/BUSI_Corrected/benign/malignant (152).png,0,0.8881230354309082,0.5,2
/kaggle/input/datasets/jarintasnim090/busi-corrected/BUSI_Corrected/benign/benign (380).png,0,0.0020582126453518867,0.2996118366718292,4
/kaggle/input/datasets/jarintasnim090/busi-corrected/BUSI_Corrected/benign/benign (232).png,0,0.06752477586269379,0.5,2
/kaggle/input/datasets/jarintasnim090/busi-corrected/BUSI_Corrected/benign/benign (185).png,0,0.028094226494431496,0.37799400091171265,0
/kaggle/input/datasets/jarintasnim090/busi-corrected/BUSI_Corrected/benign/benign (211).png,0,0.00499167013913393,0.2509596645832062,1
/kaggle/input/datasets/jarintasnim090/busi-corrected/BUSI_Corrected/benign/benign (187).png,0,0.06288392096757889,0.5,3
/kaggle/input/datasets/jarintasnim090/busi-corrected/BUSI_Corrected/benign/benign (368).png,0,0.047433242201805115,0.37799400091171265,0
/kaggle/input/datasets/jarintasnim090/busi-corrected/BUSI_Corrected/benign/benign (46).png,0,0.00933581218123436,0.5,2
/kaggle/input/datasets/jarintasnim090/busi-corrected/BUSI_Corrected/benign/benign (120).png,0,0.17555074393749237,0.2509596645832062,1
/kaggle/input/datasets/jarintasnim090/busi-corrected/BUSI_Corrected/benign/benign (429).png,0,0.01080327294766903,0.2996118366718292,4
/kaggle/input/datasets/jarintasnim090/busi-corrected/BUSI_Corrected/benign/benign (266).png,0,0.043432120233774185,0.5,2
/kaggle/input/datasets/jarintasnim090/busi-corrected/BUSI_Corrected/benign/benign (346).png,0,0.021653514355421066,0.5,3
/kaggle/input/datasets/jarintasnim090/busi-corrected/BUSI_Corrected/benign/benign (104).png,0,0.01308668963611126,0.2996118366718292,4
/kaggle/input/datasets/jarintasnim090/busi-corrected/BUSI_Corrected/benign/benign (331).png,0,0.03967386856675148,0.37799400091171265,0
/kaggle/input/datasets/jarintasnim090/busi-corrected/BUSI_Corrected/benign/benign (7).png,0,0.012424779124557972,0.2509596645832062,1
/kaggle/input/datasets/jarintasnim090/busi-corrected/BUSI_Corrected/benign/benign (426).png,0,0.3206537067890167,0.5,3
/kaggle/input/datasets/jarintasnim090/busi-corrected/BUSI_Corrected/benign/benign (206).png,0,0.16658109426498413,0.2996118366718292,4
/kaggle/input/datasets/jarintasnim090/busi-corrected/BUSI_Corrected/benign/benign (70).png,0,0.022193022072315216,0.5,2
/kaggle/input/datasets/jarintasnim090/busi-corrected/BUSI_Corrected/benign/benign (345).png,0,0.0364360548555851,0.2509596645832062,1
/kaggle/input/datasets/jarintasnim090/busi-corrected/BUSI_Corrected/benign/benign (127).png,0,0.27578645944595337,0.5,2
/kaggle/input/datasets/jarintasnim090/busi-corrected/BUSI_Corrected/benign/benign (166).png,0,0.0216667503118515,0.5,2
/kaggle/input/datasets/jarintasnim090/busi-corrected/BUSI_Corrected/benign/benign (253).png,0,0.05346349626779556,0.37799400091171265,0
/kaggle/input/datasets/jarintasnim090/busi-corrected/BUSI_Corrected/benign/benign (63).png,0,0.019744208082556725,0.2509596645832062,1
/kaggle/input/datasets/jarintasnim090/busi-corrected/BUSI_Corrected/benign/benign (85).png,0,0.4836430251598358,0.5,3
/kaggle/input/datasets/jarintasnim090/busi-corrected/BUSI_Corrected/benign/benign (420).png,0,0.3310359716415405,0.2996118366718292,4
/kaggle/input/datasets/jarintasnim090/busi-corrected/BUSI_Corrected/benign/benign (126).png,0,0.10992097109556198,0.37799400091171265,0
/kaggle/input/datasets/jarintasnim090/busi-corrected/BUSI_Corrected/benign/benign (401).png,0,0.9009557366371155,0.5,3
/kaggle/input/datasets/jarintasnim090/busi-corrected/BUSI_Corrected/benign/benign (3).png,0,0.003748097689822316,0.2509596645832062,1
/kaggle/input/datasets/jarintasnim090/busi-corrected/BUSI_Corrected/benign/benign (56).png,0,0.006779996212571859,0.5,2
/kaggle/input/datasets/jarintasnim090/busi-corrected/BUSI_Corrected/benign/benign (437).png,0,0.009769274853169918,0.2996118366718292,4
/kaggle/input/datasets/jarintasnim090/busi-corrected/BUSI_Corrected/benign/benign (316).png,0,0.24403321743011475,0.5,3
/kaggle/input/datasets/jarintasnim090/busi-corrected/BUSI_Corrected/benign/benign (100).png,0,0.02019573748111725,0.5,3
/kaggle/input/datasets/jarintasnim090/busi-corrected/BUSI_Corrected/benign/benign (170).png,0,0.19804121553897858,0.37799400091171265,0
/kaggle/input/datasets/jarintasnim090/busi-corrected/BUSI_Corrected/benign/benign (374).png,0,0.27392277121543884,0.5,3
/kaggle/input/datasets/jarintasnim090/busi-corrected/BUSI_Corrected/benign/benign (340).png,0,0.6800596714019775,0.2509596645832062,1
/kaggle/input/datasets/jarintasnim090/busi-corrected/BUSI_Corrected/benign/benign (12).png,0,0.002602818887680769,0.2509596645832062,1
/kaggle/input/datasets/jarintasnim090/busi-corrected/BUSI_Corrected/benign/benign (18).png,0,0.07327850908041,0.2996118366718292,4
/kaggle/input/datasets/jarintasnim090/busi-corrected/BUSI_Corrected/benign/benign (145).png,0,0.007200806401669979,0.5,2
/kaggle/input/datasets/jarintasnim090/busi-corrected/BUSI_Corrected/benign/benign (218).png,0,0.09718400985002518,0.37799400091171265,0
/kaggle/input/datasets/jarintasnim090/busi-corrected/BUSI_Corrected/benign/benign (44).png,0,0.01318610180169344,0.5,2
/kaggle/input/datasets/jarintasnim090/busi-corrected/BUSI_Corrected/benign/benign (365).png,0,0.024316053837537766,0.5,3
/kaggle/input/datasets/jarintasnim090/busi-corrected/BUSI_Corrected/benign/benign (203).png,0,0.12240741401910782,0.5,2
/kaggle/input/datasets/jarintasnim090/busi-corrected/BUSI_Corrected/benign/benign (110).png,0,0.02030075527727604,0.2509596645832062,1
/kaggle/input/datasets/jarintasnim090/busi-corrected/BUSI_Corrected/benign/benign (137).png,0,0.33854180574417114,0.2996118366718292,4
/kaggle/input/datasets/jarintasnim090/busi-corrected/BUSI_Corrected/benign/benign (261).png,0,0.08834785968065262,0.37799400091171265,0
/kaggle/input/datasets/jarintasnim090/busi-corrected/BUSI_Corrected/benign/benign (419).png,0,0.08096753805875778,0.37799400091171265,0
/kaggle/input/datasets/jarintasnim090/busi-corrected/BUSI_Corrected/benign/benign (356).png,0,0.08240235596895218,0.2509596645832062,1
/kaggle/input/datasets/jarintasnim090/busi-corrected/BUSI_Corrected/benign/benign (375).png,0,0.016048066318035126,0.5,2
/kaggle/input/datasets/jarintasnim090/busi-corrected/BUSI_Corrected/benign/benign (193).png,0,0.01995725929737091,0.5,3
/kaggle/input/datasets/jarintasnim090/busi-corrected/BUSI_Corrected/benign/benign (16).png,0,0.005712371319532394,0.2996118366718292,4
/kaggle/input/datasets/jarintasnim090/busi-corrected/BUSI_Corrected/benign/benign (410).png,0,0.46627381443977356,0.37799400091171265,0
/kaggle/input/datasets/jarintasnim090/busi-corrected/BUSI_Corrected/benign/benign (336).png,0,0.0074365027248859406,0.2996118366718292,4
/kaggle/input/datasets/jarintasnim090/busi-corrected/BUSI_Corrected/benign/benign (189).png,0,0.009709393605589867,0.2509596645832062,1
/kaggle/input/datasets/jarintasnim090/busi-corrected/BUSI_Corrected/benign/benign (5).png,0,0.014381539076566696,0.2996118366718292,4
/kaggle/input/datasets/jarintasnim090/busi-corrected/BUSI_Corrected/benign/benign (254).png,0,0.004280284978449345,0.2509596645832062,1
/kaggle/input/datasets/jarintasnim090/busi-corrected/BUSI_Corrected/benign/benign (322).png,0,0.014084317721426487,0.2996118366718292,4
/kaggle/input/datasets/jarintasnim090/busi-corrected/BUSI_Corrected/benign/malignant (53).png,0,0.06947539001703262,0.5,2
/kaggle/input/datasets/jarintasnim090/busi-corrected/BUSI_Corrected/benign/benign (395).png,0,0.21501658856868744,0.5,3
/kaggle/input/datasets/jarintasnim090/busi-corrected/BUSI_Corrected/benign/benign (173).png,0,0.009397197514772415,0.2509596645832062,1
/kaggle/input/datasets/jarintasnim090/busi-corrected/BUSI_Corrected/benign/benign (416).png,0,0.38666507601737976,0.37799400091171265,0
/kaggle/input/datasets/jarintasnim090/busi-corrected/BUSI_Corrected/benign/benign (422).png,0,0.044920697808265686,0.5,2
/kaggle/input/datasets/jarintasnim090/busi-corrected/BUSI_Corrected/benign/benign (132).png,0,0.010692032054066658,0.2509596645832062,1
/kaggle/input/datasets/jarintasnim090/busi-corrected/BUSI_Corrected/benign/benign (354).png,0,0.03970957547426224,0.5,3
/kaggle/input/datasets/jarintasnim090/busi-corrected/BUSI_Corrected/benign/benign (310).png,0,0.09283967316150665,0.2996118366718292,4
/kaggle/input/datasets/jarintasnim090/busi-corrected/BUSI_Corrected/benign/benign (165).png,0,0.17422173917293549,0.2996118366718292,4
/kaggle/input/datasets/jarintasnim090/busi-corrected/BUSI_Corrected/benign/benign (324).png,0,0.014651685021817684,0.2509596645832062,1
/kaggle/input/datasets/jarintasnim090/busi-corrected/BUSI_Corrected/benign/benign (11).png,0,0.03408706933259964,0.37799400091171265,0
/kaggle/input/datasets/jarintasnim090/busi-corrected/BUSI_Corrected/benign/benign (25).png,0,0.005775011610239744,0.2509596645832062,1
/kaggle/input/datasets/jarintasnim090/busi-corrected/BUSI_Corrected/benign/benign (52).png,0,0.00786683801561594,0.5,2
/kaggle/input/datasets/jarintasnim090/busi-corrected/BUSI_Corrected/benign/benign (196).png,0,0.007678057532757521,0.5,2
/kaggle/input/datasets/jarintasnim090/busi-corrected/BUSI_Corrected/benign/benign (396).png,0,0.464306116104126,0.5,3
/kaggle/input/datasets/jarintasnim090/busi-corrected/BUSI_Corrected/benign/benign (148).png,0,0.028022566810250282,0.37799400091171265,0
/kaggle/input/datasets/jarintasnim090/busi-corrected/BUSI_Corrected/benign/benign (19).png,0,0.02704657055437565,0.5,2
/kaggle/input/datasets/jarintasnim090/busi-corrected/BUSI_Corrected/benign/benign (315).png,0,0.012054176069796085,0.2509596645832062,1
/kaggle/input/datasets/jarintasnim090/busi-corrected/BUSI_Corrected/benign/malignant (74).png,0,0.07504711300134659,0.5,3
/kaggle/input/datasets/jarintasnim090/busi-corrected/BUSI_Corrected/benign/benign (183).png,0,0.027174003422260284,0.5,3
/kaggle/input/datasets/jarintasnim090/busi-corrected/BUSI_Corrected/benign/benign (138).png,0,0.1655857414007187,0.2996118366718292,4
/kaggle/input/datasets/jarintasnim090/busi-corrected/BUSI_Corrected/benign/benign (141).png,0,0.1950942575931549,0.37799400091171265,0
/kaggle/input/datasets/jarintasnim090/busi-corrected/BUSI_Corrected/benign/benign (271).png,0,0.004997829906642437,0.5,3
/kaggle/input/datasets/jarintasnim090/busi-corrected/BUSI_Corrected/benign/benign (169).png,0,0.06904252618551254,0.2996118366718292,4
/kaggle/input/datasets/jarintasnim090/busi-corrected/BUSI_Corrected/benign/benign (371).png,0,0.622550368309021,0.2509596645832062,1
/kaggle/input/datasets/jarintasnim090/busi-corrected/BUSI_Corrected/benign/benign (378).png,0,0.014508474618196487,0.5,2
/kaggle/input/datasets/jarintasnim090/busi-corrected/BUSI_Corrected/benign/benign (307).png,0,0.13204513490200043,0.37799400091171265,0
/kaggle/input/datasets/jarintasnim090/busi-corrected/BUSI_Corrected/benign/benign (326).png,0,0.048989322036504745,0.37799400091171265,0
/kaggle/input/datasets/jarintasnim090/busi-corrected/BUSI_Corrected/benign/benign (65).png,0,0.003556035226210952,0.2509596645832062,1
/kaggle/input/datasets/jarintasnim090/busi-corrected/BUSI_Corrected/benign/malignant (116).png,0,0.8142704963684082,0.5,2
/kaggle/input/datasets/jarintasnim090/busi-corrected/BUSI_Corrected/benign/benign (252).png,0,0.008051218464970589,0.5,3
/kaggle/input/datasets/jarintasnim090/busi-corrected/BUSI_Corrected/benign/benign (139).png,0,0.0034418602008372545,0.2509596645832062,1
/kaggle/input/datasets/jarintasnim090/busi-corrected/BUSI_Corrected/benign/benign (74).png,0,0.0061286017298698425,0.2996118366718292,4
/kaggle/input/datasets/jarintasnim090/busi-corrected/BUSI_Corrected/benign/benign (40).png,0,0.023781022056937218,0.37799400091171265,0
/kaggle/input/datasets/jarintasnim090/busi-corrected/BUSI_Corrected/benign/benign (250).png,0,0.23052652180194855,0.5,3
/kaggle/input/datasets/jarintasnim090/busi-corrected/BUSI_Corrected/benign/benign (153).png,0,0.007297311443835497,0.2509596645832062,1
/kaggle/input/datasets/jarintasnim090/busi-corrected/BUSI_Corrected/benign/benign (180).png,0,0.026275236159563065,0.5,3
/kaggle/input/datasets/jarintasnim090/busi-corrected/BUSI_Corrected/benign/benign (75).png,0,0.024384740740060806,0.2996118366718292,4
/kaggle/input/datasets/jarintasnim090/busi-corrected/BUSI_Corrected/benign/benign (53).png,0,0.04178319126367569,0.5,2
/kaggle/input/datasets/jarintasnim090/busi-corrected/BUSI_Corrected/benign/benign (432).png,0,0.013080914504826069,0.37799400091171265,0
/kaggle/input/datasets/jarintasnim090/busi-corrected/BUSI_Corrected/benign/benign (194).png,0,0.009707500226795673,0.2509596645832062,1
/kaggle/input/datasets/jarintasnim090/busi-corrected/BUSI_Corrected/benign/benign (214).png,0,0.056979093700647354,0.5,2
/kaggle/input/datasets/jarintasnim090/busi-corrected/BUSI_Corrected/benign/malignant (112).png,0,0.01132728811353445,0.2996118366718292,4
/kaggle/input/datasets/jarintasnim090/busi-corrected/BUSI_Corrected/benign/benign (171).png,0,0.13501285016536713,0.37799400091171265,0
/kaggle/input/datasets/jarintasnim090/busi-corrected/BUSI_Corrected/benign/benign (144).png,0,0.049301035702228546,0.37799400091171265,0
/kaggle/input/datasets/jarintasnim090/busi-corrected/BUSI_Corrected/benign/benign (79).png,0,0.024350393563508987,0.2996118366718292,4
/kaggle/input/datasets/jarintasnim090/busi-corrected/BUSI_Corrected/benign/benign (427).png,0,0.014471970498561859,0.2509596645832062,1
/kaggle/input/datasets/jarintasnim090/busi-corrected/BUSI_Corrected/benign/benign (146).png,0,0.14752858877182007,0.5,3
/kaggle/input/datasets/jarintasnim090/busi-corrected/BUSI_Corrected/benign/benign (366).png,0,0.28922808170318604,0.2509596645832062,1
/kaggle/input/datasets/jarintasnim090/busi-corrected/BUSI_Corrected/benign/benign (405).png,0,0.3295758068561554,0.5,3
/kaggle/input/datasets/jarintasnim090/busi-corrected/BUSI_Corrected/benign/benign (204).png,0,0.2961241602897644,0.5,3
/kaggle/input/datasets/jarintasnim090/busi-corrected/BUSI_Corrected/benign/benign (314).png,0,0.02011914923787117,0.5,2
/kaggle/input/datasets/jarintasnim090/busi-corrected/BUSI_Corrected/benign/benign (51).png,0,0.006264779716730118,0.2996118366718292,4
/kaggle/input/datasets/jarintasnim090/busi-corrected/BUSI_Corrected/benign/benign (320).png,0,0.0034288610331714153,0.2509596645832062,1
/kaggle/input/datasets/jarintasnim090/busi-corrected/BUSI_Corrected/benign/benign (353).png,0,0.08442745357751846,0.5,2
/kaggle/input/datasets/jarintasnim090/busi-corrected/BUSI_Corrected/benign/benign (400).png,0,0.6786301136016846,0.37799400091171265,0
/kaggle/input/datasets/jarintasnim090/busi-corrected/BUSI_Corrected/benign/benign (274).png,0,0.09558738768100739,0.5,2
/kaggle/input/datasets/jarintasnim090/busi-corrected/BUSI_Corrected/benign/benign (385).png,0,0.0055461544543504715,0.2509596645832062,1
/kaggle/input/datasets/jarintasnim090/busi-corrected/BUSI_Corrected/benign/benign (45).png,0,0.00934438407421112,0.5,3
/kaggle/input/datasets/jarintasnim090/busi-corrected/BUSI_Corrected/benign/malignant (10).png,0,0.011058875359594822,0.2996118366718292,4
/kaggle/input/datasets/jarintasnim090/busi-corrected/BUSI_Corrected/benign/benign (38).png,0,0.012776088900864124,0.2509596645832062,1
/kaggle/input/datasets/jarintasnim090/busi-corrected/BUSI_Corrected/benign/benign (34).png,0,0.0073085566982626915,0.2996118366718292,4
/kaggle/input/datasets/jarintasnim090/busi-corrected/BUSI_Corrected/benign/benign (415).png,0,0.8250113129615784,0.5,3
/kaggle/input/datasets/jarintasnim090/busi-corrected/BUSI_Corrected/benign/benign (161).png,0,0.019336353987455368,0.37799400091171265,0
/kaggle/input/datasets/jarintasnim090/busi-corrected/BUSI_Corrected/benign/benign (87).png,0,0.012160602025687695,0.2509596645832062,1
/kaggle/input/datasets/jarintasnim090/busi-corrected/BUSI_Corrected/benign/malignant (45).png,0,0.9764085412025452,0.5,2
/kaggle/input/datasets/jarintasnim090/busi-corrected/BUSI_Corrected/benign/benign (291).png,0,0.008796066977083683,0.5,3
/kaggle/input/datasets/jarintasnim090/busi-corrected/BUSI_Corrected/benign/benign (78).png,0,0.042768120765686035,0.37799400091171265,0
/kaggle/input/datasets/jarintasnim090/busi-corrected/BUSI_Corrected/benign/benign (259).png,0,0.025658253580331802,0.2996118366718292,4
/kaggle/input/datasets/jarintasnim090/busi-corrected/BUSI_Corrected/benign/benign (350).png,0,0.09077616780996323,0.37799400091171265,0
/kaggle/input/datasets/jarintasnim090/busi-corrected/BUSI_Corrected/benign/benign (140).png,0,0.07996578514575958,0.2996118366718292,4
/kaggle/input/datasets/jarintasnim090/busi-corrected/BUSI_Corrected/benign/benign (10).png,0,0.060215506702661514,0.2509596645832062,1
/kaggle/input/datasets/jarintasnim090/busi-corrected/BUSI_Corrected/benign/benign (222).png,0,0.0063904644921422005,0.5,2
/kaggle/input/datasets/jarintasnim090/busi-corrected/BUSI_Corrected/benign/benign (136).png,0,0.010060396045446396,0.2996118366718292,4
/kaggle/input/datasets/jarintasnim090/busi-corrected/BUSI_Corrected/benign/benign (317).png,0,0.33316200971603394,0.5,3
/kaggle/input/datasets/jarintasnim090/busi-corrected/BUSI_Corrected/benign/benign (239).png,0,0.3118303716182709,0.37799400091171265,0
/kaggle/input/datasets/jarintasnim090/busi-corrected/BUSI_Corrected/benign/benign (240).png,0,0.3496692478656769,0.5,3
/kaggle/input/datasets/jarintasnim090/busi-corrected/BUSI_Corrected/benign/benign (295).png,0,0.002634333446621895,0.2509596645832062,1
/kaggle/input/datasets/jarintasnim090/busi-corrected/BUSI_Corrected/benign/benign (4).png,0,0.016466353088617325,0.5,2
/kaggle/input/datasets/jarintasnim090/busi-corrected/BUSI_Corrected/benign/benign (398).png,0,0.04292472079396248,0.2996118366718292,4
/kaggle/input/datasets/jarintasnim090/busi-corrected/BUSI_Corrected/benign/benign (321).png,0,0.012097370810806751,0.5,2
/kaggle/input/datasets/jarintasnim090/busi-corrected/BUSI_Corrected/benign/benign (83).png,0,0.023309752345085144,0.37799400091171265,0
/kaggle/input/datasets/jarintasnim090/busi-corrected/BUSI_Corrected/benign/benign (115).png,0,0.0022323501762002707,0.2509596645832062,1
/kaggle/input/datasets/jarintasnim090/busi-corrected/BUSI_Corrected/benign/benign (219).png,0,0.8793931603431702,0.5,2
/kaggle/input/datasets/jarintasnim090/busi-corrected/BUSI_Corrected/benign/benign (152).png,0,0.06489493697881699,0.2996118366718292,4
/kaggle/input/datasets/jarintasnim090/busi-corrected/BUSI_Corrected/benign/benign (260).png,0,0.03781275823712349,0.5,2
/kaggle/input/datasets/jarintasnim090/busi-corrected/BUSI_Corrected/benign/benign (48).png,0,0.26093804836273193,0.5,3
/kaggle/input/datasets/jarintasnim090/busi-corrected/BUSI_Corrected/benign/malignant (121).png,0,0.008383164182305336,0.2996118366718292,4
/kaggle/input/datasets/jarintasnim090/busi-corrected/BUSI_Corrected/benign/benign (351).png,0,0.058361925184726715,0.5,3
/kaggle/input/datasets/jarintasnim090/busi-corrected/BUSI_Corrected/benign/benign (128).png,0,0.09749624133110046,0.37799400091171265,0
/kaggle/input/datasets/jarintasnim090/busi-corrected/BUSI_Corrected/benign/benign (229).png,0,0.026697300374507904,0.2996118366718292,4
/kaggle/input/datasets/jarintasnim090/busi-corrected/BUSI_Corrected/benign/benign (399).png,0,0.7042931914329529,0.2509596645832062,1
/kaggle/input/datasets/jarintasnim090/busi-corrected/BUSI_Corrected/benign/benign (186).png,0,0.012923885136842728,0.2996118366718292,4
/kaggle/input/datasets/jarintasnim090/busi-corrected/BUSI_Corrected/benign/benign (237).png,0,0.005292111542075872,0.2509596645832062,1
/kaggle/input/datasets/jarintasnim090/busi-corrected/BUSI_Corrected/benign/benign (325).png,0,0.015998033806681633,0.5,2
/kaggle/input/datasets/jarintasnim090/busi-corrected/BUSI_Corrected/benign/benign (379).png,0,0.0075220889411866665,0.2996118366718292,4
/kaggle/input/datasets/jarintasnim090/busi-corrected/BUSI_Corrected/benign/benign (231).png,0,0.0032193276565521955,0.2509596645832062,1
/kaggle/input/datasets/jarintasnim090/busi-corrected/BUSI_Corrected/benign/benign (123).png,0,0.06433076411485672,0.5,3
/kaggle/input/datasets/jarintasnim090/busi-corrected/BUSI_Corrected/benign/benign (177).png,0,0.057988788932561874,0.37799400091171265,0
/kaggle/input/datasets/jarintasnim090/busi-corrected/BUSI_Corrected/benign/benign (8).png,0,0.03684287518262863,0.5,2
/kaggle/input/datasets/jarintasnim090/busi-corrected/BUSI_Corrected/benign/benign (124).png,0,0.01660950295627117,0.5,2
/kaggle/input/datasets/jarintasnim090/busi-corrected/BUSI_Corrected/benign/benign (97).png,0,0.047563642263412476,0.2509596645832062,1
/kaggle/input/datasets/jarintasnim090/busi-corrected/BUSI_Corrected/benign/benign (96).png,0,0.01667420007288456,0.5,2
/kaggle/input/datasets/jarintasnim090/busi-corrected/BUSI_Corrected/benign/benign (167).png,0,0.007985678501427174,0.2996118366718292,4
/kaggle/input/datasets/jarintasnim090/busi-corrected/BUSI_Corrected/benign/benign (282).png,0,0.3239006996154785,0.5,3
/kaggle/input/datasets/jarintasnim090/busi-corrected/BUSI_Corrected/benign/benign (143).png,0,0.013443969190120697,0.5,3
/kaggle/input/datasets/jarintasnim090/busi-corrected/BUSI_Corrected/benign/benign (111).png,0,0.09144435822963715,0.5,3
/kaggle/input/datasets/jarintasnim090/busi-corrected/BUSI_Corrected/benign/benign (32).png,0,0.3886406719684601,0.37799400091171265,0
/kaggle/input/datasets/jarintasnim090/busi-corrected/BUSI_Corrected/benign/benign (241).png,0,0.04768330231308937,0.5,2
/kaggle/input/datasets/jarintasnim090/busi-corrected/BUSI_Corrected/benign/benign (213).png,0,0.09279093146324158,0.37799400091171265,0
/kaggle/input/datasets/jarintasnim090/busi-corrected/BUSI_Corrected/benign/benign (296).png,0,0.08806346356868744,0.37799400091171265,0
/kaggle/input/datasets/jarintasnim090/busi-corrected/BUSI_Corrected/benign/benign (149).png,0,0.0019421071046963334,0.2509596645832062,1
/kaggle/input/datasets/jarintasnim090/busi-corrected/BUSI_Corrected/benign/benign (337).png,0,0.21325814723968506,0.5,2
/kaggle/input/datasets/jarintasnim090/busi-corrected/BUSI_Corrected/benign/benign (82).png,0,0.26487433910369873,0.2996118366718292,4
/kaggle/input/datasets/jarintasnim090/busi-corrected/BUSI_Corrected/benign/benign (434).png,0,0.06257828325033188,0.2509596645832062,1
/kaggle/input/datasets/jarintasnim090/busi-corrected/BUSI_Corrected/benign/benign (202).png,0,0.03292852267622948,0.5,3
/kaggle/input/datasets/jarintasnim090/busi-corrected/BUSI_Corrected/benign/benign (39).png,0,0.03891972452402115,0.37799400091171265,0
/kaggle/input/datasets/jarintasnim090/busi-corrected/BUSI_Corrected/benign/benign (112).png,0,0.033092644065618515,0.5,3
/kaggle/input/datasets/jarintasnim090/busi-corrected/BUSI_Corrected/benign/benign (309).png,0,0.04346274957060814,0.5,2
/kaggle/input/datasets/jarintasnim090/busi-corrected/BUSI_Corrected/benign/malignant (26).png,0,0.05734299123287201,0.5,2
/kaggle/input/datasets/jarintasnim090/busi-corrected/BUSI_Corrected/benign/benign (244).png,0,0.23116877675056458,0.2996118366718292,4
/kaggle/input/datasets/jarintasnim090/busi-corrected/BUSI_Corrected/benign/benign (28).png,0,0.002463339827954769,0.2996118366718292,4
/kaggle/input/datasets/jarintasnim090/busi-corrected/BUSI_Corrected/benign/benign (134).png,0,0.006978788413107395,0.5,2
/kaggle/input/datasets/jarintasnim090/busi-corrected/BUSI_Corrected/benign/benign (106).png,0,0.13831540942192078,0.37799400091171265,0
/kaggle/input/datasets/jarintasnim090/busi-corrected/BUSI_Corrected/benign/benign (176).png,0,0.05690237507224083,0.37799400091171265,0
/kaggle/input/datasets/jarintasnim090/busi-corrected/BUSI_Corrected/benign/benign (80).png,0,0.004819145426154137,0.2509596645832062,1
/kaggle/input/datasets/jarintasnim090/busi-corrected/BUSI_Corrected/benign/benign (279).png,0,0.0640316978096962,0.5,2
/kaggle/input/datasets/jarintasnim090/busi-corrected/BUSI_Corrected/benign/benign (49).png,0,0.019835826009511948,0.5,2
/kaggle/input/datasets/jarintasnim090/busi-corrected/BUSI_Corrected/benign/benign (362).png,0,0.029627317562699318,0.5,3
/kaggle/input/datasets/jarintasnim090/busi-corrected/BUSI_Corrected/benign/malignant (28).png,0,0.049970656633377075,0.37799400091171265,0
/kaggle/input/datasets/jarintasnim090/busi-corrected/BUSI_Corrected/benign/benign (182).png,0,0.006734461989253759,0.2509596645832062,1
/kaggle/input/datasets/jarintasnim090/busi-corrected/BUSI_Corrected/benign/benign (318).png,0,0.0188621673732996,0.5,2
/kaggle/input/datasets/jarintasnim090/busi-corrected/BUSI_Corrected/benign/benign (278).png,0,0.03543638065457344,0.5,3
/kaggle/input/datasets/jarintasnim090/busi-corrected/BUSI_Corrected/benign/benign (157).png,0,0.002774076070636511,0.2509596645832062,1
/kaggle/input/datasets/jarintasnim090/busi-corrected/BUSI_Corrected/benign/benign (129).png,0,0.011095701716840267,0.5,2
/kaggle/input/datasets/jarintasnim090/busi-corrected/BUSI_Corrected/benign/benign (430).png,0,0.013574434444308281,0.2996118366718292,4
/kaggle/input/datasets/jarintasnim090/busi-corrected/BUSI_Corrected/benign/benign (358).png,0,0.018517734482884407,0.2996118366718292,4
/kaggle/input/datasets/jarintasnim090/busi-corrected/BUSI_Corrected/benign/benign (377).png,0,0.034234825521707535,0.37799400091171265,0
/kaggle/input/datasets/jarintasnim090/busi-corrected/BUSI_Corrected/benign/benign (23).png,0,0.002404223894700408,0.2509596645832062,1
/kaggle/input/datasets/jarintasnim090/busi-corrected/BUSI_Corrected/benign/benign (135).png,0,0.005736231338232756,0.5,2
/kaggle/input/datasets/jarintasnim090/busi-corrected/BUSI_Corrected/benign/malignant (16).png,0,0.8883751034736633,0.5,3
/kaggle/input/datasets/jarintasnim090/busi-corrected/BUSI_Corrected/benign/benign (13).png,0,0.02297629974782467,0.37799400091171265,0
/kaggle/input/datasets/jarintasnim090/busi-corrected/BUSI_Corrected/benign/benign (352).png,0,0.04397550970315933,0.2509596645832062,1
/kaggle/input/datasets/jarintasnim090/busi-corrected/BUSI_Corrected/benign/benign (364).png,0,0.020436380058526993,0.5,2
/kaggle/input/datasets/jarintasnim090/busi-corrected/BUSI_Corrected/benign/benign (150).png,0,0.033596061170101166,0.5,2
/kaggle/input/datasets/jarintasnim090/busi-corrected/BUSI_Corrected/benign/benign (277).png,0,0.36755701899528503,0.5,3
/kaggle/input/datasets/jarintasnim090/busi-corrected/BUSI_Corrected/benign/benign (339).png,0,0.36879175901412964,0.2996118366718292,4
/kaggle/input/datasets/jarintasnim090/busi-corrected/BUSI_Corrected/benign/benign (55).png,0,0.026709122583270073,0.5,3
/kaggle/input/datasets/jarintasnim090/busi-corrected/BUSI_Corrected/benign/benign (227).png,0,0.23949934542179108,0.5,3
/kaggle/input/datasets/jarintasnim090/busi-corrected/BUSI_Corrected/benign/malignant (174).png,0,0.5961758494377136,0.5,3
/kaggle/input/datasets/jarintasnim090/busi-corrected/BUSI_Corrected/benign/benign (77).png,0,0.03297123685479164,0.37799400091171265,0
/kaggle/input/datasets/jarintasnim090/busi-corrected/BUSI_Corrected/benign/benign (376).png,0,0.8557689189910889,0.2509596645832062,1
/kaggle/input/datasets/jarintasnim090/busi-corrected/BUSI_Corrected/benign/benign (272).png,0,0.9663785099983215,0.5,2
/kaggle/input/datasets/jarintasnim090/busi-corrected/BUSI_Corrected/benign/benign (343).png,0,0.6960455179214478,0.2509596645832062,1
/kaggle/input/datasets/jarintasnim090/busi-corrected/BUSI_Corrected/benign/benign (209).png,0,0.019930580630898476,0.5,2
/kaggle/input/datasets/jarintasnim090/busi-corrected/BUSI_Corrected/benign/benign (273).png,0,0.09429065138101578,0.5,2
/kaggle/input/datasets/jarintasnim090/busi-corrected/BUSI_Corrected/benign/benign (344).png,0,0.0693424716591835,0.2996118366718292,4
/kaggle/input/datasets/jarintasnim090/busi-corrected/BUSI_Corrected/benign/benign (58).png,0,0.009300214238464832,0.5,2
/kaggle/input/datasets/jarintasnim090/busi-corrected/BUSI_Corrected/benign/benign (423).png,0,0.11633343249559402,0.2996118366718292,4
/kaggle/input/datasets/jarintasnim090/busi-corrected/BUSI_Corrected/benign/benign (31).png,0,0.015091993845999241,0.2509596645832062,1
/kaggle/input/datasets/jarintasnim090/busi-corrected/BUSI_Corrected/benign/benign (412).png,0,0.730643093585968,0.37799400091171265,0
/kaggle/input/datasets/jarintasnim090/busi-corrected/BUSI_Corrected/benign/benign (113).png,0,0.0036350865848362446,0.2996118366718292,4
/kaggle/input/datasets/jarintasnim090/busi-corrected/BUSI_Corrected/benign/benign (255).png,0,0.31560370326042175,0.5,3
/kaggle/input/datasets/jarintasnim090/busi-corrected/BUSI_Corrected/benign/malignant (52).png,0,0.3681457042694092,0.5,3
/kaggle/input/datasets/jarintasnim090/busi-corrected/BUSI_Corrected/benign/benign (191).png,0,0.021200237795710564,0.37799400091171265,0
/kaggle/input/datasets/jarintasnim090/busi-corrected/BUSI_Corrected/benign/benign (258).png,0,0.25423115491867065,0.37799400091171265,0
/kaggle/input/datasets/jarintasnim090/busi-corrected/BUSI_Corrected/benign/benign (220).png,0,0.009253256022930145,0.5,2
/kaggle/input/datasets/jarintasnim090/busi-corrected/BUSI_Corrected/benign/benign (386).png,0,0.01935839280486107,0.2996118366718292,4
/kaggle/input/datasets/jarintasnim090/busi-corrected/BUSI_Corrected/benign/benign (290).png,0,0.127431258559227,0.5,2
/kaggle/input/datasets/jarintasnim090/busi-corrected/BUSI_Corrected/benign/benign (409).png,0,0.1499285101890564,0.5,2
/kaggle/input/datasets/jarintasnim090/busi-corrected/BUSI_Corrected/benign/benign (373).png,0,0.24124029278755188,0.5,3
/kaggle/input/datasets/jarintasnim090/busi-corrected/BUSI_Corrected/benign/benign (226).png,0,0.05873428285121918,0.5,3
/kaggle/input/datasets/jarintasnim090/busi-corrected/BUSI_Corrected/benign/benign (393).png,0,0.03148456662893295,0.37799400091171265,0
/kaggle/input/datasets/jarintasnim090/busi-corrected/BUSI_Corrected/benign/benign (174).png,0,0.04236508160829544,0.5,2
/kaggle/input/datasets/jarintasnim090/busi-corrected/BUSI_Corrected/benign/benign (268).png,0,0.004517389927059412,0.5,3
/kaggle/input/datasets/jarintasnim090/busi-corrected/BUSI_Corrected/benign/benign (99).png,0,0.003111237892881036,0.2509596645832062,1
/kaggle/input/datasets/jarintasnim090/busi-corrected/BUSI_Corrected/benign/benign (436).png,0,0.0005735474405810237,0.2509596645832062,1
/kaggle/input/datasets/jarintasnim090/busi-corrected/BUSI_Corrected/benign/benign (117).png,0,0.010631450451910496,0.5,3
/kaggle/input/datasets/jarintasnim090/busi-corrected/BUSI_Corrected/benign/benign (175).png,0,0.009135154075920582,0.2996118366718292,4
/kaggle/input/datasets/jarintasnim090/busi-corrected/BUSI_Corrected/benign/benign (338).png,0,0.007295598275959492,0.2509596645832062,1
/kaggle/input/datasets/jarintasnim090/busi-corrected/BUSI_Corrected/benign/benign (303).png,0,0.2686310410499573,0.2996118366718292,4
/kaggle/input/datasets/jarintasnim090/busi-corrected/BUSI_Corrected/benign/benign (36).png,0,0.004197846166789532,0.2509596645832062,1
/kaggle/input/datasets/jarintasnim090/busi-corrected/BUSI_Corrected/benign/benign (355).png,0,0.1527145951986313,0.37799400091171265,0
/kaggle/input/datasets/jarintasnim090/busi-corrected/BUSI_Corrected/benign/benign (101).png,0,0.03931492567062378,0.5,3
/kaggle/input/datasets/jarintasnim090/busi-corrected/BUSI_Corrected/benign/benign (198).png,0,0.01032872311770916,0.5,2
/kaggle/input/datasets/jarintasnim090/busi-corrected/BUSI_Corrected/benign/benign (347).png,0,0.08334122598171234,0.5,3
/kaggle/input/datasets/jarintasnim090/busi-corrected/BUSI_Corrected/benign/benign (267).png,0,0.007014023140072823,0.5,2
/kaggle/input/datasets/jarintasnim090/busi-corrected/BUSI_Corrected/benign/benign (359).png,0,0.09520184993743896,0.2996118366718292,4
/kaggle/input/datasets/jarintasnim090/busi-corrected/BUSI_Corrected/benign/benign (105).png,0,0.03245324268937111,0.37799400091171265,0
/kaggle/input/datasets/jarintasnim090/busi-corrected/BUSI_Corrected/benign/benign (323).png,0,0.008683395572006702,0.5,2
/kaggle/input/datasets/jarintasnim090/busi-corrected/BUSI_Corrected/benign/benign (20).png,0,0.0068870666436851025,0.2509596645832062,1
/kaggle/input/datasets/jarintasnim090/busi-corrected/BUSI_Corrected/benign/benign (73).png,0,0.020062027499079704,0.5,3
/kaggle/input/datasets/jarintasnim090/busi-corrected/BUSI_Corrected/benign/benign (156).png,0,0.03637995570898056,0.37799400091171265,0
/kaggle/input/datasets/jarintasnim090/busi-corrected/BUSI_Corrected/benign/benign (164).png,0,0.369669109582901,0.5,3
/kaggle/input/datasets/jarintasnim090/busi-corrected/BUSI_Corrected/benign/benign (301).png,0,0.028858598321676254,0.5,3
/kaggle/input/datasets/jarintasnim090/busi-corrected/BUSI_Corrected/benign/malignant (148).png,0,0.05063483119010925,0.5,2
/kaggle/input/datasets/jarintasnim090/busi-corrected/BUSI_Corrected/benign/malignant (93).png,0,0.7049911022186279,0.2509596645832062,1
/kaggle/input/datasets/jarintasnim090/busi-corrected/BUSI_Corrected/benign/benign (35).png,0,0.050079960376024246,0.37799400091171265,0
/kaggle/input/datasets/jarintasnim090/busi-corrected/BUSI_Corrected/benign/malignant (61).png,0,0.21613167226314545,0.5,2
/kaggle/input/datasets/jarintasnim090/busi-corrected/BUSI_Corrected/benign/benign (130).png,0,0.00708697410300374,0.2996118366718292,4
/kaggle/input/datasets/jarintasnim090/busi-corrected/BUSI_Corrected/benign/benign (341).png,0,0.23554883897304535,0.2996118366718292,4
/kaggle/input/datasets/jarintasnim090/busi-corrected/BUSI_Corrected/benign/benign (216).png,0,0.036598581820726395,0.2509596645832062,1
/kaggle/input/datasets/jarintasnim090/busi-corrected/BUSI_Corrected/benign/benign (327).png,0,0.04666322469711304,0.2509596645832062,1
/kaggle/input/datasets/jarintasnim090/busi-corrected/BUSI_Corrected/benign/benign (60).png,0,0.1540101319551468,0.2996118366718292,4
/kaggle/input/datasets/jarintasnim090/busi-corrected/BUSI_Corrected/benign/benign (86).png,0,0.01619485393166542,0.37799400091171265,0
/kaggle/input/datasets/jarintasnim090/busi-corrected/BUSI_Corrected/benign/benign (162).png,0,0.2448430210351944,0.37799400091171265,0
/kaggle/input/datasets/jarintasnim090/busi-corrected/BUSI_Corrected/benign/benign (158).png,0,0.02515495754778385,0.2509596645832062,1
/kaggle/input/datasets/jarintasnim090/busi-corrected/BUSI_Corrected/benign/benign (90).png,0,0.027723798528313637,0.5,2
/kaggle/input/datasets/jarintasnim090/busi-corrected/BUSI_Corrected/benign/benign (192).png,0,0.02367636188864708,0.5,3
/kaggle/input/datasets/jarintasnim090/busi-corrected/BUSI_Corrected/benign/benign (348).png,0,0.03452986478805542,0.37799400091171265,0
/kaggle/input/datasets/jarintasnim090/busi-corrected/BUSI_Corrected/benign/benign (280).png,0,0.015926005318760872,0.2996118366718292,4
/kaggle/input/datasets/jarintasnim090/busi-corrected/BUSI_Corrected/benign/benign (431).png,0,0.006281690206378698,0.5,2
/kaggle/input/datasets/jarintasnim090/busi-corrected/BUSI_Corrected/benign/benign (154).png,0,0.005312975961714983,0.2996118366718292,4
/kaggle/input/datasets/jarintasnim090/busi-corrected/BUSI_Corrected/benign/benign (69).png,0,0.009594578295946121,0.2996118366718292,4
/kaggle/input/datasets/jarintasnim090/busi-corrected/BUSI_Corrected/benign/benign (230).png,0,0.006024838425219059,0.5,3
/kaggle/input/datasets/jarintasnim090/busi-corrected/BUSI_Corrected/benign/benign (107).png,0,0.07191072404384613,0.5,3
/kaggle/input/datasets/jarintasnim090/busi-corrected/BUSI_Corrected/benign/benign (62).png,0,0.7873291373252869,0.2509596645832062,1
/kaggle/input/datasets/jarintasnim090/busi-corrected/BUSI_Corrected/benign/benign (403).png,0,0.4719107151031494,0.5,3
/kaggle/input/datasets/jarintasnim090/busi-corrected/BUSI_Corrected/benign/benign (367).png,0,0.12350182980298996,0.37799400091171265,0
/kaggle/input/datasets/jarintasnim090/busi-corrected/BUSI_Corrected/benign/benign (433).png,0,0.24477770924568176,0.2996118366718292,4
/kaggle/input/datasets/jarintasnim090/busi-corrected/BUSI_Corrected/benign/benign (384).png,0,0.034033406525850296,0.2509596645832062,1
/kaggle/input/datasets/jarintasnim090/busi-corrected/BUSI_Corrected/benign/benign (57).png,0,0.015678079798817635,0.37799400091171265,0
/kaggle/input/datasets/jarintasnim090/busi-corrected/BUSI_Corrected/benign/benign (283).png,0,0.05555625632405281,0.5,2
/kaggle/input/datasets/jarintasnim090/busi-corrected/BUSI_Corrected/benign/benign (391).png,0,0.16224029660224915,0.2996118366718292,4
/kaggle/input/datasets/jarintasnim090/busi-corrected/BUSI_Corrected/benign/benign (27).png,0,0.04098300263285637,0.5,3
/kaggle/input/datasets/jarintasnim090/busi-corrected/BUSI_Corrected/benign/benign (382).png,0,0.38380157947540283,0.2509596645832062,1
/kaggle/input/datasets/jarintasnim090/busi-corrected/BUSI_Corrected/benign/benign (93).png,0,0.016560714691877365,0.37799400091171265,0
/kaggle/input/datasets/jarintasnim090/busi-corrected/BUSI_Corrected/benign/benign (37).png,0,0.13623446226119995,0.5,2
/kaggle/input/datasets/jarintasnim090/busi-corrected/BUSI_Corrected/benign/benign (408).png,0,0.3681979775428772,0.2509596645832062,1
/kaggle/input/datasets/jarintasnim090/busi-corrected/BUSI_Corrected/benign/benign (133).png,0,0.00357682048343122,0.2996118366718292,4
/kaggle/input/datasets/jarintasnim090/busi-corrected/BUSI_Corrected/benign/benign (238).png,0,0.17137280106544495,0.2996118366718292,4
/kaggle/input/datasets/jarintasnim090/busi-corrected/BUSI_Corrected/benign/benign (372).png,0,0.7165307998657227,0.5,2
/kaggle/input/datasets/jarintasnim090/busi-corrected/BUSI_Corrected/benign/benign (361).png,0,0.027163341641426086,0.5,2
/kaggle/input/datasets/jarintasnim090/busi-corrected/BUSI_Corrected/benign/benign (66).png,0,0.05532081797719002,0.5,3
/kaggle/input/datasets/jarintasnim090/busi-corrected/BUSI_Corrected/benign/benign (195).png,0,0.013516232371330261,0.5,3
/kaggle/input/datasets/jarintasnim090/busi-corrected/BUSI_Corrected/benign/benign (305).png,0,0.02649611420929432,0.2996118366718292,4
/kaggle/input/datasets/jarintasnim090/busi-corrected/BUSI_Corrected/benign/benign (387).png,0,0.009934777393937111,0.37799400091171265,0
/kaggle/input/datasets/jarintasnim090/busi-corrected/BUSI_Corrected/benign/benign (245).png,0,0.0047072600573301315,0.2509596645832062,1
/kaggle/input/datasets/jarintasnim090/busi-corrected/BUSI_Corrected/benign/benign (349).png,0,0.04205688461661339,0.5,2
/kaggle/input/datasets/jarintasnim090/busi-corrected/BUSI_Corrected/benign/benign (17).png,0,0.0029912174213677645,0.2996118366718292,4
/kaggle/input/datasets/jarintasnim090/busi-corrected/BUSI_Corrected/benign/benign (418).png,0,0.0798332467675209,0.5,3
/kaggle/input/datasets/jarintasnim090/busi-corrected/BUSI_Corrected/benign/benign (81).png,0,0.031137393787503242,0.2996118366718292,4
/kaggle/input/datasets/jarintasnim090/busi-corrected/BUSI_Corrected/benign/benign (14).png,0,0.030064167454838753,0.37799400091171265,0
/kaggle/input/datasets/jarintasnim090/busi-corrected/BUSI_Corrected/benign/benign (311).png,0,0.03381741791963577,0.37799400091171265,0
/kaggle/input/datasets/jarintasnim090/busi-corrected/BUSI_Corrected/benign/benign (411).png,0,0.41269320249557495,0.5,3
/kaggle/input/datasets/jarintasnim090/busi-corrected/BUSI_Corrected/benign/benign (332).png,0,0.06291966140270233,0.37799400091171265,0
/kaggle/input/datasets/jarintasnim090/busi-corrected/BUSI_Corrected/benign/benign (425).png,0,0.0025617550127208233,0.2996118366718292,4
/kaggle/input/datasets/jarintasnim090/busi-corrected/BUSI_Corrected/benign/benign (251).png,0,0.1827581375837326,0.2996118366718292,4
/kaggle/input/datasets/jarintasnim090/busi-corrected/BUSI_Corrected/benign/benign (30).png,0,0.10589791089296341,0.37799400091171265,0
/kaggle/input/datasets/jarintasnim090/busi-corrected/BUSI_Corrected/benign/benign (95).png,0,0.031985316425561905,0.37799400091171265,0
/kaggle/input/datasets/jarintasnim090/busi-corrected/BUSI_Corrected/benign/benign (275).png,0,0.029406098648905754,0.5,2
/kaggle/input/datasets/jarintasnim090/busi-corrected/BUSI_Corrected/benign/benign (109).png,0,0.006623381748795509,0.5,2
/kaggle/input/datasets/jarintasnim090/busi-corrected/BUSI_Corrected/benign/benign (383).png,0,0.42530763149261475,0.5,3
/kaggle/input/datasets/jarintasnim090/busi-corrected/BUSI_Corrected/benign/benign (92).png,0,0.011038658209145069,0.2509596645832062,1
/kaggle/input/datasets/jarintasnim090/busi-corrected/BUSI_Corrected/benign/benign (118).png,0,0.029791612178087234,0.2996118366718292,4
/kaggle/input/datasets/jarintasnim090/busi-corrected/BUSI_Corrected/benign/benign (142).png,0,0.04170600324869156,0.37799400091171265,0
/kaggle/input/datasets/jarintasnim090/busi-corrected/BUSI_Corrected/benign/benign (330).png,0,0.027762847021222115,0.37799400091171265,0
/kaggle/input/datasets/jarintasnim090/busi-corrected/BUSI_Corrected/benign/benign (312).png,0,0.8070148825645447,0.2509596645832062,1
/kaggle/input/datasets/jarintasnim090/busi-corrected/BUSI_Corrected/benign/benign (334).png,0,0.6935867071151733,0.5,2
/kaggle/input/datasets/jarintasnim090/busi-corrected/BUSI_Corrected/benign/benign (397).png,0,0.6942204833030701,0.5,3
/kaggle/input/datasets/jarintasnim090/busi-corrected/BUSI_Corrected/benign/benign (125).png,0,0.02116013690829277,0.2996118366718292,4
/kaggle/input/datasets/jarintasnim090/busi-corrected/BUSI_Corrected/benign/benign (159).png,0,0.017268886789679527,0.2509596645832062,1
/kaggle/input/datasets/jarintasnim090/busi-corrected/BUSI_Corrected/benign/benign (91).png,0,0.05720469355583191,0.37799400091171265,0
/kaggle/input/datasets/jarintasnim090/busi-corrected/BUSI_Corrected/benign/benign (151).png,0,0.011081463657319546,0.2996118366718292,4
/kaggle/input/datasets/jarintasnim090/busi-corrected/BUSI_Corrected/benign/benign (424).png,0,0.1164827048778534,0.5,3
/kaggle/input/datasets/jarintasnim090/busi-corrected/BUSI_Corrected/benign/benign (9).png,0,0.012867115437984467,0.5,2
/kaggle/input/datasets/jarintasnim090/busi-corrected/BUSI_Corrected/benign/benign (84).png,0,0.06420249491930008,0.2996118366718292,4
/kaggle/input/datasets/jarintasnim090/busi-corrected/BUSI_Corrected/benign/benign (33).png,0,0.005317721050232649,0.2996118366718292,4
/kaggle/input/datasets/jarintasnim090/busi-corrected/BUSI_Corrected/benign/benign (68).png,0,0.03626689314842224,0.37799400091171265,0
/kaggle/input/datasets/jarintasnim090/busi-corrected/BUSI_Corrected/benign/benign (313).png,0,0.0032541598193347454,0.2509596645832062,1
/kaggle/input/datasets/jarintasnim090/busi-corrected/BUSI_Corrected/benign/benign (319).png,0,0.002895139390602708,0.2509596645832062,1
/kaggle/input/datasets/jarintasnim090/busi-corrected/BUSI_Corrected/benign/benign (417).png,0,0.058327607810497284,0.5,2
/kaggle/input/datasets/jarintasnim090/busi-corrected/BUSI_Corrected/benign/benign (212).png,0,0.5647348165512085,0.5,3
/kaggle/input/datasets/jarintasnim090/busi-corrected/BUSI_Corrected/benign/benign (29).png,0,0.04416791722178459,0.37799400091171265,0
/kaggle/input/datasets/jarintasnim090/busi-corrected/BUSI_Corrected/benign/benign (102).png,0,0.017467165365815163,0.2509596645832062,1
/kaggle/input/datasets/jarintasnim090/busi-corrected/BUSI_Corrected/benign/malignant (27).png,0,0.03874991461634636,0.5,3
/kaggle/input/datasets/jarintasnim090/busi-corrected/BUSI_Corrected/benign/benign (190).png,0,0.020088685676455498,0.5,2
/kaggle/input/datasets/jarintasnim090/busi-corrected/BUSI_Corrected/benign/benign (88).png,0,0.02821703627705574,0.2509596645832062,1
/kaggle/input/datasets/jarintasnim090/busi-corrected/BUSI_Corrected/benign/benign (178).png,0,0.0033698072656989098,0.2996118366718292,4
/kaggle/input/datasets/jarintasnim090/busi-corrected/BUSI_Corrected/benign/benign (64).png,0,0.35148173570632935,0.5,3
/kaggle/input/datasets/jarintasnim090/busi-corrected/BUSI_Corrected/benign/benign (200).png,0,0.17277899384498596,0.5,2
/kaggle/input/datasets/jarintasnim090/busi-corrected/BUSI_Corrected/benign/benign (234).png,0,0.12455785274505615,0.37799400091171265,0
/kaggle/input/datasets/jarintasnim090/busi-corrected/BUSI_Corrected/benign/benign (59).png,0,0.023354195058345795,0.2996118366718292,4
/kaggle/input/datasets/jarintasnim090/busi-corrected/BUSI_Corrected/benign/benign (72).png,0,0.032600078731775284,0.5,2
/kaggle/input/datasets/jarintasnim090/busi-corrected/BUSI_Corrected/benign/benign (286).png,0,0.018452098593115807,0.5,2
/kaggle/input/datasets/jarintasnim090/busi-corrected/BUSI_Corrected/benign/benign (389).png,0,0.07385903596878052,0.37799400091171265,0
/kaggle/input/datasets/jarintasnim090/busi-corrected/BUSI_Corrected/benign/benign (76).png,0,0.000957995536737144,0.2996118366718292,4
/kaggle/input/datasets/jarintasnim090/busi-corrected/BUSI_Corrected/benign/benign (41).png,0,0.00448323180899024,0.2509596645832062,1
/kaggle/input/datasets/jarintasnim090/busi-corrected/BUSI_Corrected/benign/benign (121).png,0,0.015087947249412537,0.5,3
/kaggle/input/datasets/jarintasnim090/busi-corrected/BUSI_Corrected/benign/benign (328).png,0,0.030213074758648872,0.37799400091171265,0
/kaggle/input/datasets/jarintasnim090/busi-corrected/BUSI_Corrected/benign/benign (15).png,0,0.0384121909737587,0.37799400091171265,0
/kaggle/input/datasets/jarintasnim090/busi-corrected/BUSI_Corrected/benign/benign (413).png,0,0.3523760139942169,0.5,3
/kaggle/input/datasets/jarintasnim090/busi-corrected/BUSI_Corrected/benign/malignant (18).png,0,0.8656545281410217,0.5,2
/kaggle/input/datasets/jarintasnim090/busi-corrected/BUSI_Corrected/benign/benign (43).png,0,0.019728658720850945,0.2509596645832062,1
/kaggle/input/datasets/jarintasnim090/busi-corrected/BUSI_Corrected/benign/benign (388).png,0,0.024240907281637192,0.5,2
/kaggle/input/datasets/jarintasnim090/busi-corrected/BUSI_Corrected/benign/benign (67).png,0,0.038700830191373825,0.5,3
/kaggle/input/datasets/jarintasnim090/busi-corrected/BUSI_Corrected/benign/benign (435).png,0,0.23146778345108032,0.37799400091171265,0
/kaggle/input/datasets/jarintasnim090/busi-corrected/BUSI_Corrected/benign/benign (363).png,0,0.064239002764225,0.2996118366718292,4
/kaggle/input/datasets/jarintasnim090/busi-corrected/BUSI_Corrected/benign/benign (89).png,0,0.08822739869356155,0.2509596645832062,1
/kaggle/input/datasets/jarintasnim090/busi-corrected/BUSI_Corrected/benign/benign (197).png,0,0.0223910640925169,0.2996118366718292,4
/kaggle/input/datasets/jarintasnim090/busi-corrected/BUSI_Corrected/benign/benign (172).png,0,0.03672730177640915,0.37799400091171265,0
/kaggle/input/datasets/jarintasnim090/busi-corrected/BUSI_Corrected/benign/benign (215).png,0,0.017199447378516197,0.2509596645832062,1
/kaggle/input/datasets/jarintasnim090/busi-corrected/BUSI_Corrected/benign/benign (287).png,0,0.08372311294078827,0.5,2
/kaggle/input/datasets/jarintasnim090/busi-corrected/BUSI_Corrected/benign/benign (297).png,0,0.019016658887267113,0.5,2
/kaggle/input/datasets/jarintasnim090/busi-corrected/BUSI_Corrected/benign/benign (24).png,0,0.010101824067533016,0.5,2
/kaggle/input/datasets/jarintasnim090/busi-corrected/BUSI_Corrected/benign/benign (155).png,0,0.11257346719503403,0.5,3
/kaggle/input/datasets/jarintasnim090/busi-corrected/BUSI_Corrected/benign/benign (421).png,0,0.8651552200317383,0.2509596645832062,1
/kaggle/input/datasets/jarintasnim090/busi-corrected/BUSI_Corrected/benign/benign (22).png,0,0.009933768771588802,0.2996118366718292,4
/kaggle/input/datasets/jarintasnim090/busi-corrected/BUSI_Corrected/benign/benign (1).png,0,0.016541482880711555,0.5,2
/kaggle/input/datasets/jarintasnim090/busi-corrected/BUSI_Corrected/benign/benign (168).png,0,0.02490895241498947,0.5,2
/kaggle/input/datasets/jarintasnim090/busi-corrected/BUSI_Corrected/benign/benign (208).png,0,0.008743925020098686,0.5,3
/kaggle/input/datasets/jarintasnim090/busi-corrected/BUSI_Corrected/benign/benign (188).png,0,0.43953588604927063,0.2996118366718292,4
/kaggle/input/datasets/jarintasnim090/busi-corrected/BUSI_Corrected/benign/benign (263).png,0,0.03793087229132652,0.5,3
/kaggle/input/datasets/jarintasnim090/busi-corrected/BUSI_Corrected/benign/benign (281).png,0,0.055480971932411194,0.5,2
/kaggle/input/datasets/jarintasnim090/busi-corrected/BUSI_Corrected/benign/benign (21).png,0,0.021965602412819862,0.37799400091171265,0
/kaggle/input/datasets/jarintasnim090/busi-corrected/BUSI_Corrected/benign/benign (270).png,0,0.010070111602544785,0.2509596645832062,1
/kaggle/input/datasets/jarintasnim090/busi-corrected/BUSI_Corrected/malignant/malignant (71).png,1,0.9980375170707703,0.2509596645832062,1
/kaggle/input/datasets/jarintasnim090/busi-corrected/BUSI_Corrected/malignant/malignant (196).png,1,0.0720858946442604,0.37799400091171265,0
/kaggle/input/datasets/jarintasnim090/busi-corrected/BUSI_Corrected/malignant/malignant (91).png,1,0.9490054249763489,0.5,3
/kaggle/input/datasets/jarintasnim090/busi-corrected/BUSI_Corrected/malignant/malignant (17).png,1,0.5743384957313538,0.5,3
/kaggle/input/datasets/jarintasnim090/busi-corrected/BUSI_Corrected/malignant/malignant (30).png,1,0.929368793964386,0.37799400091171265,0
/kaggle/input/datasets/jarintasnim090/busi-corrected/BUSI_Corrected/malignant/malignant (58).png,1,0.9762046933174133,0.5,2
/kaggle/input/datasets/jarintasnim090/busi-corrected/BUSI_Corrected/malignant/malignant (95).png,1,0.9972851276397705,0.2509596645832062,1
/kaggle/input/datasets/jarintasnim090/busi-corrected/BUSI_Corrected/malignant/malignant (36).png,1,0.3052699565887451,0.2996118366718292,4
/kaggle/input/datasets/jarintasnim090/busi-corrected/BUSI_Corrected/malignant/malignant (88).png,1,0.32017970085144043,0.5,3
/kaggle/input/datasets/jarintasnim090/busi-corrected/BUSI_Corrected/malignant/malignant (154).png,1,0.8844985365867615,0.37799400091171265,0
/kaggle/input/datasets/jarintasnim090/busi-corrected/BUSI_Corrected/malignant/benign (131).png,1,0.4539259374141693,0.2509596645832062,1
/kaggle/input/datasets/jarintasnim090/busi-corrected/BUSI_Corrected/malignant/malignant (68).png,1,0.46312981843948364,0.5,3
/kaggle/input/datasets/jarintasnim090/busi-corrected/BUSI_Corrected/malignant/malignant (102).png,1,0.9657526612281799,0.37799400091171265,0
/kaggle/input/datasets/jarintasnim090/busi-corrected/BUSI_Corrected/malignant/malignant (89).png,1,0.13201986253261566,0.2996118366718292,4
/kaggle/input/datasets/jarintasnim090/busi-corrected/BUSI_Corrected/malignant/malignant (153).png,1,0.9994951486587524,0.2509596645832062,1
/kaggle/input/datasets/jarintasnim090/busi-corrected/BUSI_Corrected/malignant/malignant (147).png,1,0.49059054255485535,0.5,3
/kaggle/input/datasets/jarintasnim090/busi-corrected/BUSI_Corrected/malignant/malignant (87).png,1,0.9634827971458435,0.5,2
/kaggle/input/datasets/jarintasnim090/busi-corrected/BUSI_Corrected/malignant/malignant (134).png,1,0.9454589486122131,0.2996118366718292,4
/kaggle/input/datasets/jarintasnim090/busi-corrected/BUSI_Corrected/malignant/malignant (39).png,1,0.9897676110267639,0.5,2
/kaggle/input/datasets/jarintasnim090/busi-corrected/BUSI_Corrected/malignant/malignant (84).png,1,0.963706910610199,0.2996118366718292,4
/kaggle/input/datasets/jarintasnim090/busi-corrected/BUSI_Corrected/malignant/malignant (67).png,1,0.9968968629837036,0.37799400091171265,0
/kaggle/input/datasets/jarintasnim090/busi-corrected/BUSI_Corrected/malignant/malignant (176).png,1,0.9938981533050537,0.2509596645832062,1
/kaggle/input/datasets/jarintasnim090/busi-corrected/BUSI_Corrected/malignant/malignant (171).png,1,0.9757229089736938,0.5,3
/kaggle/input/datasets/jarintasnim090/busi-corrected/BUSI_Corrected/malignant/benign (406).png,1,0.4715074598789215,0.37799400091171265,0
/kaggle/input/datasets/jarintasnim090/busi-corrected/BUSI_Corrected/malignant/malignant (49).png,1,0.9942432045936584,0.5,2
/kaggle/input/datasets/jarintasnim090/busi-corrected/BUSI_Corrected/malignant/benign (360).png,1,0.3888385593891144,0.2996118366718292,4
/kaggle/input/datasets/jarintasnim090/busi-corrected/BUSI_Corrected/malignant/malignant (70).png,1,0.9160407185554504,0.2509596645832062,1
/kaggle/input/datasets/jarintasnim090/busi-corrected/BUSI_Corrected/malignant/malignant (183).png,1,0.9993755221366882,0.5,2
/kaggle/input/datasets/jarintasnim090/busi-corrected/BUSI_Corrected/malignant/malignant (159).png,1,0.9815686941146851,0.5,3
/kaggle/input/datasets/jarintasnim090/busi-corrected/BUSI_Corrected/malignant/malignant (15).png,1,0.9388167858123779,0.5,3
/kaggle/input/datasets/jarintasnim090/busi-corrected/BUSI_Corrected/malignant/malignant (54).png,1,0.7765941023826599,0.37799400091171265,0
/kaggle/input/datasets/jarintasnim090/busi-corrected/BUSI_Corrected/malignant/malignant (143).png,1,0.43199995160102844,0.2509596645832062,1
/kaggle/input/datasets/jarintasnim090/busi-corrected/BUSI_Corrected/malignant/malignant (155).png,1,0.9475688338279724,0.37799400091171265,0
/kaggle/input/datasets/jarintasnim090/busi-corrected/BUSI_Corrected/malignant/malignant (42).png,1,0.9963076114654541,0.5,2
/kaggle/input/datasets/jarintasnim090/busi-corrected/BUSI_Corrected/malignant/malignant (7).png,1,0.947784960269928,0.2996118366718292,4
/kaggle/input/datasets/jarintasnim090/busi-corrected/BUSI_Corrected/malignant/malignant (150).png,1,0.9418885111808777,0.37799400091171265,0
/kaggle/input/datasets/jarintasnim090/busi-corrected/BUSI_Corrected/malignant/malignant (168).png,1,0.999079704284668,0.2509596645832062,1
/kaggle/input/datasets/jarintasnim090/busi-corrected/BUSI_Corrected/malignant/malignant (82).png,1,0.9983304142951965,0.5,2
/kaggle/input/datasets/jarintasnim090/busi-corrected/BUSI_Corrected/malignant/malignant (156).png,1,0.9152629971504211,0.5,3
/kaggle/input/datasets/jarintasnim090/busi-corrected/BUSI_Corrected/malignant/malignant (23).png,1,0.9870074391365051,0.2996118366718292,4
/kaggle/input/datasets/jarintasnim090/busi-corrected/BUSI_Corrected/malignant/malignant (65).png,1,0.65310138463974,0.2996118366718292,4
/kaggle/input/datasets/jarintasnim090/busi-corrected/BUSI_Corrected/malignant/malignant (198).png,1,0.914495050907135,0.37799400091171265,0
/kaggle/input/datasets/jarintasnim090/busi-corrected/BUSI_Corrected/malignant/malignant (161).png,1,0.3540799617767334,0.5,2
/kaggle/input/datasets/jarintasnim090/busi-corrected/BUSI_Corrected/malignant/malignant (5).png,1,0.9956895709037781,0.2509596645832062,1
/kaggle/input/datasets/jarintasnim090/busi-corrected/BUSI_Corrected/malignant/malignant (86).png,1,0.999314546585083,0.5,2
/kaggle/input/datasets/jarintasnim090/busi-corrected/BUSI_Corrected/malignant/malignant (63).png,1,0.9842126965522766,0.5,3
/kaggle/input/datasets/jarintasnim090/busi-corrected/BUSI_Corrected/malignant/malignant (129).png,1,0.9366115927696228,0.37799400091171265,0
/kaggle/input/datasets/jarintasnim090/busi-corrected/BUSI_Corrected/malignant/malignant (197).png,1,0.9991562366485596,0.2509596645832062,1
/kaggle/input/datasets/jarintasnim090/busi-corrected/BUSI_Corrected/malignant/benign (392).png,1,0.26259902119636536,0.5,2
/kaggle/input/datasets/jarintasnim090/busi-corrected/BUSI_Corrected/malignant/malignant (76).png,1,0.8763453960418701,0.2996118366718292,4
/kaggle/input/datasets/jarintasnim090/busi-corrected/BUSI_Corrected/malignant/malignant (40).png,1,0.997424840927124,0.5,3
/kaggle/input/datasets/jarintasnim090/busi-corrected/BUSI_Corrected/malignant/benign (407).png,1,0.7227602005004883,0.37799400091171265,0
/kaggle/input/datasets/jarintasnim090/busi-corrected/BUSI_Corrected/malignant/malignant (19).png,1,0.9997443556785583,0.2509596645832062,1
/kaggle/input/datasets/jarintasnim090/busi-corrected/BUSI_Corrected/malignant/benign (333).png,1,0.24790598452091217,0.5,3
/kaggle/input/datasets/jarintasnim090/busi-corrected/BUSI_Corrected/malignant/malignant (75).png,1,0.7978082895278931,0.5,3
/kaggle/input/datasets/jarintasnim090/busi-corrected/BUSI_Corrected/malignant/malignant (83).png,1,0.3621232509613037,0.5,2
/kaggle/input/datasets/jarintasnim090/busi-corrected/BUSI_Corrected/malignant/malignant (56).png,1,0.3358815312385559,0.2996118366718292,4
/kaggle/input/datasets/jarintasnim090/busi-corrected/BUSI_Corrected/malignant/malignant (192).png,1,0.9248761534690857,0.5,2
/kaggle/input/datasets/jarintasnim090/busi-corrected/BUSI_Corrected/malignant/malignant (162).png,1,0.7545404434204102,0.2996118366718292,4
/kaggle/input/datasets/jarintasnim090/busi-corrected/BUSI_Corrected/malignant/malignant (149).png,1,0.9725923538208008,0.37799400091171265,0
/kaggle/input/datasets/jarintasnim090/busi-corrected/BUSI_Corrected/malignant/malignant (46).png,1,0.8971721529960632,0.2509596645832062,1
/kaggle/input/datasets/jarintasnim090/busi-corrected/BUSI_Corrected/malignant/malignant (180).png,1,0.04577258974313736,0.2509596645832062,1
/kaggle/input/datasets/jarintasnim090/busi-corrected/BUSI_Corrected/malignant/malignant (29).png,1,0.9823088049888611,0.5,3
/kaggle/input/datasets/jarintasnim090/busi-corrected/BUSI_Corrected/malignant/malignant (20).png,1,0.9519939422607422,0.37799400091171265,0
/kaggle/input/datasets/jarintasnim090/busi-corrected/BUSI_Corrected/malignant/malignant (44).png,1,0.023529034107923508,0.2509596645832062,1
/kaggle/input/datasets/jarintasnim090/busi-corrected/BUSI_Corrected/malignant/malignant (101).png,1,0.9988791346549988,0.5,2
/kaggle/input/datasets/jarintasnim090/busi-corrected/BUSI_Corrected/malignant/malignant (117).png,1,0.7576320171356201,0.5,3
/kaggle/input/datasets/jarintasnim090/busi-corrected/BUSI_Corrected/malignant/malignant (187).png,1,0.8709439635276794,0.2996118366718292,4
/kaggle/input/datasets/jarintasnim090/busi-corrected/BUSI_Corrected/malignant/malignant (77).png,1,0.17001371085643768,0.5,3
/kaggle/input/datasets/jarintasnim090/busi-corrected/BUSI_Corrected/malignant/malignant (32).png,1,0.9988873600959778,0.5,2
/kaggle/input/datasets/jarintasnim090/busi-corrected/BUSI_Corrected/malignant/malignant (38).png,1,0.5030811429023743,0.37799400091171265,0
/kaggle/input/datasets/jarintasnim090/busi-corrected/BUSI_Corrected/malignant/malignant (66).png,1,0.5308083295822144,0.2996118366718292,4
/kaggle/input/datasets/jarintasnim090/busi-corrected/BUSI_Corrected/malignant/malignant (47).png,1,0.9478539824485779,0.2509596645832062,1
/kaggle/input/datasets/jarintasnim090/busi-corrected/BUSI_Corrected/malignant/malignant (208).png,1,0.9556716680526733,0.5,3
/kaggle/input/datasets/jarintasnim090/busi-corrected/BUSI_Corrected/malignant/malignant (118).png,1,0.9945740103721619,0.5,2
/kaggle/input/datasets/jarintasnim090/busi-corrected/BUSI_Corrected/malignant/malignant (21).png,1,0.6614249348640442,0.5,3
/kaggle/input/datasets/jarintasnim090/busi-corrected/BUSI_Corrected/malignant/benign (370).png,1,0.5016945600509644,0.37799400091171265,0
/kaggle/input/datasets/jarintasnim090/busi-corrected/BUSI_Corrected/malignant/malignant (160).png,1,0.9797897338867188,0.2509596645832062,1
/kaggle/input/datasets/jarintasnim090/busi-corrected/BUSI_Corrected/malignant/malignant (31).png,1,0.9992349147796631,0.5,2
/kaggle/input/datasets/jarintasnim090/busi-corrected/BUSI_Corrected/malignant/malignant (203).png,1,0.9469763040542603,0.5,3
/kaggle/input/datasets/jarintasnim090/busi-corrected/BUSI_Corrected/malignant/malignant (50).png,1,0.9877089262008667,0.2996118366718292,4
/kaggle/input/datasets/jarintasnim090/busi-corrected/BUSI_Corrected/malignant/malignant (59).png,1,0.9628010392189026,0.2996118366718292,4
/kaggle/input/datasets/jarintasnim090/busi-corrected/BUSI_Corrected/malignant/malignant (97).png,1,0.6932442784309387,0.37799400091171265,0
/kaggle/input/datasets/jarintasnim090/busi-corrected/BUSI_Corrected/malignant/malignant (41).png,1,0.7655624747276306,0.2996118366718292,4
/kaggle/input/datasets/jarintasnim090/busi-corrected/BUSI_Corrected/malignant/malignant (164).png,1,0.9423995018005371,0.37799400091171265,0
/kaggle/input/datasets/jarintasnim090/busi-corrected/BUSI_Corrected/malignant/malignant (128).png,1,0.9968380928039551,0.2509596645832062,1
/kaggle/input/datasets/jarintasnim090/busi-corrected/BUSI_Corrected/malignant/malignant (136).png,1,0.03517851233482361,0.5,2
/kaggle/input/datasets/jarintasnim090/busi-corrected/BUSI_Corrected/malignant/malignant (195).png,1,0.9909999966621399,0.5,3
/kaggle/input/datasets/jarintasnim090/busi-corrected/BUSI_Corrected/malignant/malignant (34).png,1,0.9684404730796814,0.5,2
/kaggle/input/datasets/jarintasnim090/busi-corrected/BUSI_Corrected/malignant/malignant (103).png,1,0.9955112934112549,0.2996118366718292,4
/kaggle/input/datasets/jarintasnim090/busi-corrected/BUSI_Corrected/malignant/malignant (188).png,1,0.9004732370376587,0.37799400091171265,0
/kaggle/input/datasets/jarintasnim090/busi-corrected/BUSI_Corrected/malignant/malignant (120).png,1,0.8925408720970154,0.2509596645832062,1
/kaggle/input/datasets/jarintasnim090/busi-corrected/BUSI_Corrected/malignant/malignant (1).png,1,0.9287478923797607,0.5,3
/kaggle/input/datasets/jarintasnim090/busi-corrected/BUSI_Corrected/malignant/malignant (163).png,1,0.18312577903270721,0.5,2
/kaggle/input/datasets/jarintasnim090/busi-corrected/BUSI_Corrected/malignant/malignant (123).png,1,0.6652707457542419,0.37799400091171265,0
/kaggle/input/datasets/jarintasnim090/busi-corrected/BUSI_Corrected/malignant/malignant (158).png,1,0.5323856472969055,0.2509596645832062,1
/kaggle/input/datasets/jarintasnim090/busi-corrected/BUSI_Corrected/malignant/malignant (85).png,1,0.9919447302818298,0.5,3
/kaggle/input/datasets/jarintasnim090/busi-corrected/BUSI_Corrected/malignant/malignant (170).png,1,0.9969449639320374,0.5,2
/kaggle/input/datasets/jarintasnim090/busi-corrected/BUSI_Corrected/malignant/malignant (43).png,1,0.9732163548469543,0.5,3
/kaggle/input/datasets/jarintasnim090/busi-corrected/BUSI_Corrected/malignant/malignant (139).png,1,0.9800596833229065,0.2996118366718292,4
/kaggle/input/datasets/jarintasnim090/busi-corrected/BUSI_Corrected/malignant/malignant (199).png,1,0.9784101843833923,0.37799400091171265,0
/kaggle/input/datasets/jarintasnim090/busi-corrected/BUSI_Corrected/malignant/malignant (8).png,1,0.9983933568000793,0.2509596645832062,1
/kaggle/input/datasets/jarintasnim090/busi-corrected/BUSI_Corrected/malignant/malignant (96).png,1,0.6940968632698059,0.37799400091171265,0
/kaggle/input/datasets/jarintasnim090/busi-corrected/BUSI_Corrected/malignant/malignant (172).png,1,0.9961631298065186,0.2509596645832062,1
/kaggle/input/datasets/jarintasnim090/busi-corrected/BUSI_Corrected/malignant/malignant (79).png,1,0.965585470199585,0.2996118366718292,4
/kaggle/input/datasets/jarintasnim090/busi-corrected/BUSI_Corrected/malignant/malignant (140).png,1,0.9731605648994446,0.5,2
/kaggle/input/datasets/jarintasnim090/busi-corrected/BUSI_Corrected/malignant/malignant (3).png,1,0.9462271928787231,0.2996118366718292,4
/kaggle/input/datasets/jarintasnim090/busi-corrected/BUSI_Corrected/malignant/malignant (191).png,1,0.6518091559410095,0.5,3
/kaggle/input/datasets/jarintasnim090/busi-corrected/BUSI_Corrected/malignant/malignant (182).png,1,0.9965051412582397,0.2509596645832062,1
/kaggle/input/datasets/jarintasnim090/busi-corrected/BUSI_Corrected/malignant/malignant (37).png,1,0.9969848990440369,0.5,2
/kaggle/input/datasets/jarintasnim090/busi-corrected/BUSI_Corrected/malignant/malignant (125).png,1,0.748002290725708,0.5,3
/kaggle/input/datasets/jarintasnim090/busi-corrected/BUSI_Corrected/malignant/malignant (151).png,1,0.9652616381645203,0.37799400091171265,0
/kaggle/input/datasets/jarintasnim090/busi-corrected/BUSI_Corrected/malignant/malignant (90).png,1,0.9416185021400452,0.5,2
/kaggle/input/datasets/jarintasnim090/busi-corrected/BUSI_Corrected/malignant/malignant (92).png,1,0.9413084983825684,0.37799400091171265,0
/kaggle/input/datasets/jarintasnim090/busi-corrected/BUSI_Corrected/malignant/malignant (210).png,1,0.9961190223693848,0.5,3
/kaggle/input/datasets/jarintasnim090/busi-corrected/BUSI_Corrected/malignant/malignant (138).png,1,0.814222514629364,0.2996118366718292,4
/kaggle/input/datasets/jarintasnim090/busi-corrected/BUSI_Corrected/malignant/malignant (98).png,1,0.9701036810874939,0.37799400091171265,0
/kaggle/input/datasets/jarintasnim090/busi-corrected/BUSI_Corrected/malignant/malignant (132).png,1,0.8902997374534607,0.2996118366718292,4
/kaggle/input/datasets/jarintasnim090/busi-corrected/BUSI_Corrected/malignant/malignant (144).png,1,0.9948203563690186,0.2509596645832062,1
/kaggle/input/datasets/jarintasnim090/busi-corrected/BUSI_Corrected/malignant/malignant (209).png,1,0.9950266480445862,0.2509596645832062,1
/kaggle/input/datasets/jarintasnim090/busi-corrected/BUSI_Corrected/malignant/malignant (173).png,1,0.8542223572731018,0.5,2
/kaggle/input/datasets/jarintasnim090/busi-corrected/BUSI_Corrected/malignant/malignant (141).png,1,0.37653452157974243,0.5,3
/kaggle/input/datasets/jarintasnim090/busi-corrected/BUSI_Corrected/malignant/malignant (202).png,1,0.9835286140441895,0.37799400091171265,0
/kaggle/input/datasets/jarintasnim090/busi-corrected/BUSI_Corrected/malignant/malignant (207).png,1,0.9462407827377319,0.5,2
/kaggle/input/datasets/jarintasnim090/busi-corrected/BUSI_Corrected/malignant/malignant (142).png,1,0.998379111289978,0.2509596645832062,1
/kaggle/input/datasets/jarintasnim090/busi-corrected/BUSI_Corrected/malignant/malignant (201).png,1,0.9881414175033569,0.2996118366718292,4
/kaggle/input/datasets/jarintasnim090/busi-corrected/BUSI_Corrected/malignant/malignant (127).png,1,0.9890557527542114,0.5,3
/kaggle/input/datasets/jarintasnim090/busi-corrected/BUSI_Corrected/malignant/malignant (35).png,1,0.8854680061340332,0.2996118366718292,4
/kaggle/input/datasets/jarintasnim090/busi-corrected/BUSI_Corrected/malignant/malignant (55).png,1,0.41168907284736633,0.37799400091171265,0
/kaggle/input/datasets/jarintasnim090/busi-corrected/BUSI_Corrected/malignant/malignant (206).png,1,0.9991156458854675,0.2509596645832062,1
/kaggle/input/datasets/jarintasnim090/busi-corrected/BUSI_Corrected/malignant/malignant (33).png,1,0.9592494964599609,0.2996118366718292,4
/kaggle/input/datasets/jarintasnim090/busi-corrected/BUSI_Corrected/malignant/malignant (99).png,1,0.29730454087257385,0.5,2
/kaggle/input/datasets/jarintasnim090/busi-corrected/BUSI_Corrected/malignant/malignant (179).png,1,0.9756372570991516,0.5,3
/kaggle/input/datasets/jarintasnim090/busi-corrected/BUSI_Corrected/malignant/malignant (205).png,1,0.9189237952232361,0.37799400091171265,0
/kaggle/input/datasets/jarintasnim090/busi-corrected/BUSI_Corrected/malignant/malignant (114).png,1,0.6189925670623779,0.37799400091171265,0
/kaggle/input/datasets/jarintasnim090/busi-corrected/BUSI_Corrected/malignant/malignant (111).png,1,0.9622735381126404,0.2996118366718292,4
/kaggle/input/datasets/jarintasnim090/busi-corrected/BUSI_Corrected/malignant/malignant (175).png,1,0.8856299519538879,0.37799400091171265,0
/kaggle/input/datasets/jarintasnim090/busi-corrected/BUSI_Corrected/malignant/malignant (25).png,1,0.9935243129730225,0.2509596645832062,1
/kaggle/input/datasets/jarintasnim090/busi-corrected/BUSI_Corrected/malignant/malignant (51).png,1,0.2301194965839386,0.2509596645832062,1
/kaggle/input/datasets/jarintasnim090/busi-corrected/BUSI_Corrected/malignant/malignant (72).png,1,0.9977768063545227,0.5,2
/kaggle/input/datasets/jarintasnim090/busi-corrected/BUSI_Corrected/malignant/malignant (204).png,1,0.8906168341636658,0.5,3
/kaggle/input/datasets/jarintasnim090/busi-corrected/BUSI_Corrected/malignant/malignant (119).png,1,0.9913914203643799,0.5,2
/kaggle/input/datasets/jarintasnim090/busi-corrected/BUSI_Corrected/malignant/malignant (48).png,1,0.9398226737976074,0.37799400091171265,0
/kaggle/input/datasets/jarintasnim090/busi-corrected/BUSI_Corrected/malignant/malignant (14).png,1,0.7418694496154785,0.37799400091171265,0
/kaggle/input/datasets/jarintasnim090/busi-corrected/BUSI_Corrected/malignant/malignant (130).png,1,0.970515251159668,0.2996118366718292,4
/kaggle/input/datasets/jarintasnim090/busi-corrected/BUSI_Corrected/malignant/malignant (194).png,1,0.8647708892822266,0.2509596645832062,1
/kaggle/input/datasets/jarintasnim090/busi-corrected/BUSI_Corrected/malignant/malignant (169).png,1,0.9937818646430969,0.5,2
/kaggle/input/datasets/jarintasnim090/busi-corrected/BUSI_Corrected/malignant/malignant (122).png,1,0.9511140584945679,0.5,3
/kaggle/input/datasets/jarintasnim090/busi-corrected/BUSI_Corrected/malignant/malignant (60).png,1,0.6746640205383301,0.5,3
/kaggle/input/datasets/jarintasnim090/busi-corrected/BUSI_Corrected/malignant/malignant (135).png,1,0.1379242241382599,0.37799400091171265,0
/kaggle/input/datasets/jarintasnim090/busi-corrected/BUSI_Corrected/malignant/malignant (115).png,1,0.9810636043548584,0.2509596645832062,1
/kaggle/input/datasets/jarintasnim090/busi-corrected/BUSI_Corrected/malignant/malignant (24).png,1,0.9997547268867493,0.5,2
/kaggle/input/datasets/jarintasnim090/busi-corrected/BUSI_Corrected/malignant/malignant (62).png,1,0.9442585706710815,0.2996118366718292,4
/kaggle/input/datasets/jarintasnim090/busi-corrected/BUSI_Corrected/malignant/malignant (64).png,1,0.9975460171699524,0.5,2
/kaggle/input/datasets/jarintasnim090/busi-corrected/BUSI_Corrected/malignant/malignant (94).png,1,0.4788832664489746,0.37799400091171265,0
/kaggle/input/datasets/jarintasnim090/busi-corrected/BUSI_Corrected/malignant/malignant (22).png,1,0.9982898831367493,0.5,2
/kaggle/input/datasets/jarintasnim090/busi-corrected/BUSI_Corrected/malignant/malignant (177).png,1,0.987536609172821,0.37799400091171265,0
/kaggle/input/datasets/jarintasnim090/busi-corrected/BUSI_Corrected/malignant/malignant (190).png,1,0.9728858470916748,0.2509596645832062,1
/kaggle/input/datasets/jarintasnim090/busi-corrected/BUSI_Corrected/malignant/malignant (146).png,1,0.9717308878898621,0.2996118366718292,4
/kaggle/input/datasets/jarintasnim090/busi-corrected/BUSI_Corrected/malignant/malignant (157).png,1,0.5706810355186462,0.5,3
/kaggle/input/datasets/jarintasnim090/busi-corrected/BUSI_Corrected/malignant/malignant (57).png,1,0.6698116064071655,0.37799400091171265,0
/kaggle/input/datasets/jarintasnim090/busi-corrected/BUSI_Corrected/malignant/malignant (69).png,1,0.5287307500839233,0.5,2
/kaggle/input/datasets/jarintasnim090/busi-corrected/BUSI_Corrected/malignant/malignant (185).png,1,0.9806946516036987,0.2509596645832062,1
/kaggle/input/datasets/jarintasnim090/busi-corrected/BUSI_Corrected/malignant/malignant (9).png,1,0.9986327290534973,0.2509596645832062,1
/kaggle/input/datasets/jarintasnim090/busi-corrected/BUSI_Corrected/malignant/malignant (166).png,1,0.7924333214759827,0.5,3
/kaggle/input/datasets/jarintasnim090/busi-corrected/BUSI_Corrected/malignant/malignant (4).png,1,0.995482325553894,0.2509596645832062,1
/kaggle/input/datasets/jarintasnim090/busi-corrected/BUSI_Corrected/malignant/benign (42).png,1,0.1918371617794037,0.2509596645832062,1
/kaggle/input/datasets/jarintasnim090/busi-corrected/BUSI_Corrected/malignant/malignant (104).png,1,0.9965037107467651,0.2996118366718292,4
/kaggle/input/datasets/jarintasnim090/busi-corrected/BUSI_Corrected/malignant/malignant (126).png,1,0.12052398920059204,0.37799400091171265,0
/kaggle/input/datasets/jarintasnim090/busi-corrected/BUSI_Corrected/malignant/malignant (165).png,1,0.813484251499176,0.2509596645832062,1
/kaggle/input/datasets/jarintasnim090/busi-corrected/BUSI_Corrected/malignant/malignant (186).png,1,0.9942063093185425,0.2996118366718292,4
/kaggle/input/datasets/jarintasnim090/busi-corrected/BUSI_Corrected/malignant/malignant (137).png,1,0.9855546951293945,0.5,2
/kaggle/input/datasets/jarintasnim090/busi-corrected/BUSI_Corrected/malignant/malignant (100).png,1,0.7195562720298767,0.5,3
/kaggle/input/datasets/jarintasnim090/busi-corrected/BUSI_Corrected/malignant/malignant (2).png,1,0.9371210336685181,0.37799400091171265,0
/kaggle/input/datasets/jarintasnim090/busi-corrected/BUSI_Corrected/malignant/malignant (124).png,1,0.9831578135490417,0.5,3
/kaggle/input/datasets/jarintasnim090/busi-corrected/BUSI_Corrected/malignant/malignant (133).png,1,0.8541232943534851,0.2996118366718292,4
/kaggle/input/datasets/jarintasnim090/busi-corrected/BUSI_Corrected/malignant/malignant (6).png,1,0.9888045191764832,0.2509596645832062,1
/kaggle/input/datasets/jarintasnim090/busi-corrected/BUSI_Corrected/malignant/malignant (193).png,1,0.4266974925994873,0.5,2
/kaggle/input/datasets/jarintasnim090/busi-corrected/BUSI_Corrected/malignant/malignant (184).png,1,0.996441662311554,0.37799400091171265,0
